{
  "project_info": {
    "project_number": "74632913395",
    "firebase_url": "https://e-rickshaw-book.firebaseio.com",
    "project_id": "e-rickshaw-book",
    "storage_bucket": "e-rickshaw-book.appspot.com"
  },
  "client": [
    {
      "client_info": {
        "mobilesdk_app_id": "1:74632913395:android:2e3ec021b86ffbba",
        "android_client_info": {
          "package_name": "com.brandmore.eautobook"
        }
      },
      "oauth_client": [
        {
          "client_id": "74632913395-ei2a0ao2n47nt2352pgm3fgi3413aoko.apps.googleusercontent.com",
          "client_type": 1,
          "android_info": {
            "package_name": "com.brandmore.eautobook",
            "certificate_hash": "e92384aba6c9671f72ae08e9e0f43bd08c3ba291"
          }
        },
        {
          "client_id": "74632913395-lnr40ea5pc3t9olfu8qjrqe3ai460eih.apps.googleusercontent.com",
          "client_type": 3
        }
      ],
      "api_key": [
        {
          "current_key": "AIzaSyDRRypuDsu4cg0JIKOQfURdnzaMiitCQJo"
        }
      ],
      "services": {
        "analytics_service": {
          "status": 1
        },
        "appinvite_service": {
          "status": 2,
          "other_platform_oauth_client": [
            {
              "client_id": "74632913395-lnr40ea5pc3t9olfu8qjrqe3ai460eih.apps.googleusercontent.com",
              "client_type": 3
            }
          ]
        },
        "ads_service": {
          "status": 2
        }
      }
    }
  ],
  "configuration_version": "1"
}